<?xml version="1.0" encoding="UTF-8"?>
<metadata xml:lang="ko"><Esri><CreaDate>20221117</CreaDate><CreaTime>12120900</CreaTime><ArcGISFormat>1.0</ArcGISFormat><SyncOnce>TRUE</SyncOnce><DataProperties><lineage><Process ToolSource="c:\program files (x86)\arcgis\desktop10.3\ArcToolbox\Toolboxes\Data Management Tools.tbx\AddField" Date="20221117" Time="121209">AddField D:\2022_11_17_변경스키마샘플도엽전체\작업\구조화중간성과\37808_구정\N3P_H0040000.shp SCALE_SE TEXT # # 2 # NULLABLE NON_REQUIRED #</Process><Process ToolSource="c:\program files (x86)\arcgis\desktop10.3\ArcToolbox\Toolboxes\Data Management Tools.tbx\CalculateField" Date="20221117" Time="121249">CalculateField N3P_H0040000 SCALE_SE "5K" VB #</Process></lineage></DataProperties></Esri></metadata>
